Horodateur,Nom,Tirage
2023/01/24 11:46:07 AM UTC+1,yanis.kahil01@gmail.com,Face
2023/01/24 11:46:12 AM UTC+1,mo.lahjaji@gmail.com,Pile 
2023/01/24 11:46:19 AM UTC+1,rubertisteve@gmail.com,P
2023/01/24 11:46:40 AM UTC+1,yakoubielies@gmail.com,Face 
2023/01/24 11:46:41 AM UTC+1,bittonsharon19@gmail.com,PFPPPPPFFF
2023/01/24 11:46:42 AM UTC+1,yanis.kahil01@gmail.com,pile
2023/01/24 11:46:50 AM UTC+1,yanis.kahil01@gmail.com,pile
2023/01/24 11:46:51 AM UTC+1,matinouboni@gmail.com,FPFPFFFFPPPFP
2023/01/24 11:46:53 AM UTC+1,yakoubielies@gmail.com,PFFF
2023/01/24 11:47:08 AM UTC+1,yanis.kahil01@gmail.com,pile
2023/01/24 11:47:15 AM UTC+1,achraf.azrou@edu.univ-paris13.fr,PFPFFFPFFFFFPFFPFFPFFPP
2023/01/24 11:47:24 AM UTC+1,kraemervalentin@gmail.com,PFFFPPPPPFPPFFFPPPFFFPPPFFPFPFPFPFPFPPPFFF
2023/01/24 11:47:26 AM UTC+1,enzo.benbalit@edu.univ-paris13.fr,PFFFPPPFPFPFPPFFFFPFPFPP
2023/01/24 11:47:27 AM UTC+1,mo.lahjaji@gmail.com,Pfpfppfpfpfpfpdpfp
2023/01/24 9:12:07 PM UTC+1,robenson.mondelice@edu.univ-paris13.fr,PPFPFPFPFPPPFFFFPFPFPFPFPFPPPPFFFPPFFPFPFPFPFPFFFFPFPPFPPPFFFPFPPPFFFPFPPFFFPPFPPFFPPPFPPPFFPFPPFPPPFFFFPPPFFPPPP
2023/01/24 9:43:32 PM UTC+1,roberger93@gmail.com,PPFPFPFPPFFFPFPPPFFFPFPFFFPFPFPPPFFFFPFPFFFPPPFFPPPPPFFFFFPPFPP
2023/01/25 9:37:48 PM UTC+1,pouhrenaud@gmail.com,PPFPFFFPFPFPFFPPFPFPPFFFFPPPPFPFPFPFPFPFPFPFPFPFPFPFPFPFPPPPPFPFPPPFPFPPFPFPFPFPFPFFFFFFFFFPFPFFPFPFPFPFPFPPFPFPFPFPPFPFPFPFFPFFFFFFFFPFPFPFPFFFFFFFFFFFFFFFFFFFPFPFPFPPFPFPPFFFFPFPFPPPFPPFFFFPFPFPFPFPFPFPPFPFPPFPFPPFPFPFPFPPFPFFPFPPFPFPFPFPPFPFPFPFPPFPFPPFFPFPFPF
2023/01/26 10:03:38 AM UTC+1,kpatagnon.hounkpatin@edu.univ-paris13.fr,PFPPFPPPFFFFPFPFPFPFPFPFPPFPFPFPFPFPFPFPPFPPPPFFFFPFPPPFPFPFPFPPPFPFPFPFPPFPFPFFPFPFPFPPFPFPFPPFPFPFPFPFPFPFPFPPFPFPPFPFPFFPFPFPFPFPFPPPFPFPFPFPFPFPFPFPFPFPFPFPFPPFPFPFPFPFP
2023/01/26 10:29:01 PM UTC+1,ahmedamineabdellaoui61@gmail.com,PPPFFFPFPFPFPFPFPFPFPFFFFPFPFPFPF
2023/01/26 10:29:45 PM UTC+1,nadahmouri@gmail.com,FFFFFFFFFFFFFFFFFFFFFFFFFFFFFFFFFF
2023/01/26 10:29:49 PM UTC+1,ravish.soockra@gmail.com,PFPFFPFPFPFFFFFFPPPPFFFFFFFFFFFFFFFFPPPFFFFFFFFFFFFFFPFFFFFFFFFFFFFFFFFFFPPPPP
2023/01/26 10:30:30 PM UTC+1,nadahmouri@gmail.com,FFFFFFFFFFFFFFFFFFFFFFFFFFFFFFFFFFFFFFFFFFFFFFFFFFFFFFF
2023/01/27 9:53:39 AM UTC+1,medjkouhk@gmail.com,PPPPPPPPPPPPPPPPPPPPPPPPPPPPPPPPPPPPPPPPPPPPPPPPPPPPPPPPPPPP
2023/01/28 11:25:52 AM UTC+1,hani-adj@hotmail.com,FFFPPFPPPFPPFPPFPFPFFPPFPFPFPFFFPPPFPFPFPPFPFPFPPPPFPFPFPP
2023/01/29 3:29:59 PM UTC+1,abanish.baskaradevan@edu.univ-paris13.fr,PFPFFFFFPPPPPPPFFFFPFPFPFPFFPFFFPPPPPPPFFFFFPPPFFFPPPPFFFPPFFFPPPFFF
2023/01/29 4:04:22 PM UTC+1,hussson.felix@gmail.com,PPFPFFPFFFFPFPPFFPPFPFFPPPFPFFPFPPFPPPFFFPFPPFFPFPPFPPPFPPFFPF
2023/01/29 8:10:11 PM UTC+1,yanis.kahil01@gmail.com,PPFPFPFPPFPPPPFPFPFPFPFPFPFPFPFPFPFPFPFPFPFPPFFPPFPPPPPPPPPPPPPPFFFFFFFFFFPFPFPFPFPFPFPPPFPFPFPFPFPFPPFPFPFPFPFPFPF
2023/01/30 7:18:40 AM UTC+1,said.saterih@gmail.com,PFFFPPFPFFPPFPFFFPFPPPPPF
